<ImportExportXml version="9.2.25063.176" SolutionPackageVersion="9.2" languagecode="1033" generatedBy="CrmLive" xmlns:xsi="http://www.w3.org/2001/XMLSchema-instance" OrganizationVersion="9.2.25063.176" OrganizationSchemaType="Standard" CRMServerServiceabilityVersion="9.2.25064.00170">
  <SolutionManifest>
    <UniqueName>OnBoardProSolution</UniqueName>
    <LocalizedNames>
      <LocalizedName description="OnBoardPro Solution" languagecode="1033" />
    </LocalizedNames>
    <Descriptions />
    <Version>1.0.0.1</Version>
    <Managed>0</Managed>
    <Publisher>
      <UniqueName>OnBoardProPublisher</UniqueName>
      <LocalizedNames>
        <LocalizedName description="OnBoardPro Publisher" languagecode="1033" />
      </LocalizedNames>
      <Descriptions />
      <EMailAddress>k213830@nu.edu.pk</EMailAddress>
      <SupportingWebsiteUrl xsi:nil="true"></SupportingWebsiteUrl>
      <CustomizationPrefix>onbp</CustomizationPrefix>
      <CustomizationOptionValuePrefix>10573</CustomizationOptionValuePrefix>
      <Addresses>
        <Address>
          <AddressNumber>1</AddressNumber>
          <AddressTypeCode>1</AddressTypeCode>
          <City>Karachi</City>
          <County xsi:nil="true"></County>
          <Country>Pakistan</Country>
          <Fax xsi:nil="true"></Fax>
          <FreightTermsCode xsi:nil="true"></FreightTermsCode>
          <ImportSequenceNumber xsi:nil="true"></ImportSequenceNumber>
          <Latitude xsi:nil="true"></Latitude>
          <Line1>F-21 Rahimabad Colony</Line1>
          <Line2>Block-14 F.B Area</Line2>
          <Line3 xsi:nil="true"></Line3>
          <Longitude xsi:nil="true"></Longitude>
          <Name xsi:nil="true"></Name>
          <PostalCode>75950</PostalCode>
          <PostOfficeBox xsi:nil="true"></PostOfficeBox>
          <PrimaryContactName xsi:nil="true"></PrimaryContactName>
          <ShippingMethodCode>1</ShippingMethodCode>
          <StateOrProvince>Sindh</StateOrProvince>
          <Telephone1>03333293150</Telephone1>
          <Telephone2 xsi:nil="true"></Telephone2>
          <Telephone3 xsi:nil="true"></Telephone3>
          <TimeZoneRuleVersionNumber xsi:nil="true"></TimeZoneRuleVersionNumber>
          <UPSZone xsi:nil="true"></UPSZone>
          <UTCOffset xsi:nil="true"></UTCOffset>
          <UTCConversionTimeZoneCode xsi:nil="true"></UTCConversionTimeZoneCode>
        </Address>
        <Address>
          <AddressNumber>2</AddressNumber>
          <AddressTypeCode>1</AddressTypeCode>
          <City xsi:nil="true"></City>
          <County xsi:nil="true"></County>
          <Country xsi:nil="true"></Country>
          <Fax xsi:nil="true"></Fax>
          <FreightTermsCode xsi:nil="true"></FreightTermsCode>
          <ImportSequenceNumber xsi:nil="true"></ImportSequenceNumber>
          <Latitude xsi:nil="true"></Latitude>
          <Line1 xsi:nil="true"></Line1>
          <Line2 xsi:nil="true"></Line2>
          <Line3 xsi:nil="true"></Line3>
          <Longitude xsi:nil="true"></Longitude>
          <Name xsi:nil="true"></Name>
          <PostalCode xsi:nil="true"></PostalCode>
          <PostOfficeBox xsi:nil="true"></PostOfficeBox>
          <PrimaryContactName xsi:nil="true"></PrimaryContactName>
          <ShippingMethodCode>1</ShippingMethodCode>
          <StateOrProvince xsi:nil="true"></StateOrProvince>
          <Telephone1 xsi:nil="true"></Telephone1>
          <Telephone2 xsi:nil="true"></Telephone2>
          <Telephone3 xsi:nil="true"></Telephone3>
          <TimeZoneRuleVersionNumber xsi:nil="true"></TimeZoneRuleVersionNumber>
          <UPSZone xsi:nil="true"></UPSZone>
          <UTCOffset xsi:nil="true"></UTCOffset>
          <UTCConversionTimeZoneCode xsi:nil="true"></UTCConversionTimeZoneCode>
        </Address>
      </Addresses>
    </Publisher>
    <RootComponents>
      <RootComponent type="1" schemaName="cr71a_fk_accessrights" behavior="0" />
      <RootComponent type="1" schemaName="cr71a_fk_employee" behavior="0" />
      <RootComponent type="1" schemaName="cr71a_fk_equipement" behavior="0" />
      <RootComponent type="1" schemaName="cr71a_fk_project" behavior="0" />
      <RootComponent type="1" schemaName="cr71a_fk_task" behavior="0" />
      <RootComponent type="20" id="{e5b05d97-f748-f011-877b-6045bd214079}" behavior="0" />
      <RootComponent type="29" id="{021743e8-8948-f011-877b-6045bd214079}" behavior="0" />
      <RootComponent type="29" id="{032907f5-9b48-f011-877b-6045bd214079}" behavior="0" />
      <RootComponent type="29" id="{12548eb8-0e47-f011-877a-6045bd214079}" behavior="0" />
      <RootComponent type="29" id="{2df4fdce-9d48-f011-877b-6045bd214079}" behavior="0" />
      <RootComponent type="29" id="{56af13bb-8848-f011-877b-6045bd214079}" behavior="0" />
      <RootComponent type="29" id="{971e4022-9948-f011-877b-6045bd214079}" behavior="0" />
      <RootComponent type="29" id="{a32bdedd-a148-f011-877b-6045bd214079}" behavior="0" />
      <RootComponent type="29" id="{a92247a0-a347-f011-877a-6045bd214079}" behavior="0" />
      <RootComponent type="29" id="{b0dcdba0-6348-f011-877b-6045bd214079}" behavior="0" />
      <RootComponent type="31" id="{65dcf63a-f048-f011-877b-6045bd214079}" behavior="0" />
      <RootComponent type="60" id="{459f51de-de48-f011-877b-6045bd214079}" behavior="0" />
      <RootComponent type="62" schemaName="onbp_OnBoardPro" behavior="0" />
      <RootComponent type="80" schemaName="onbp_OnBoardPro" behavior="0" />
    </RootComponents>
    <MissingDependencies>
      <MissingDependency>
        <Required type="61" schemaName="msdyn_/Images/AppModule_Default_Icon.png" displayName="msdyn_/Images/AppModule_Default_Icon.png" solution="AppModuleWebResources (2.5)">
          <package appName="AppModule Web Resources Package" version="2.5">AppModuleWebResources (2.5)</package>
        </Required>
        <Dependent type="80" schemaName="onbp_OnBoardPro" displayName="OnBoardPro" />
      </MissingDependency>
      <MissingDependency>
        <Required type="SettingDefinition" displayName="AppChannel" solution="msdyn_AppFrameworkInfraExtensions (1.0.0.15)" id.uniquename="AppChannel">
          <package appName="PowerAppsAppFramework Package" version="1.0.0.21">PowerAppsAppFramework_Anchor (1.0.0.21)</package>
        </Required>
        <Dependent type="AppSetting" displayName="parentappmoduleid.uniquename=onbp_OnBoardPro,settingdefinitionid.uniquename=AppChannel" id.parentappmoduleid.uniquename="onbp_OnBoardPro" id.settingdefinitionid.uniquename="AppChannel" />
      </MissingDependency>
    </MissingDependencies>
  </SolutionManifest>
</ImportExportXml>